sentiment,Text,PreprocessedText,ModelSentiment
4,"@stellargirl I loooooooovvvvvveee my Kindle2. Not that the DX is cool, but the 2 is fantastic in its own right.",loooooooovvvvvveee kindle2 dx cool 2 fantastic right,4
4,Reading my kindle2...  Love it... Lee childs is good read.,reading kindle2 ... love ... lee child good read,4
4,"Ok, first assesment of the #kindle2 ...it fucking rocks!!!",ok first assesment kindle2 ... fucking rock,2
4,@kenburbary You'll love your Kindle2. I've had mine for a few months and never looked back. The new big one is huge! No need for remorse! :),'ll love kindle2 've mine month never looked back new big one huge need remorse,4
4,@mikefish  Fair enough. But i have the Kindle2 and I think it's perfect  :),fair enough kindle2 think 's perfect,4
4,@richardebaker no. it is too big. I'm quite happy with the Kindle2.,big 'm quite happy kindle2,4
0,Fuck this economy. I hate aig and their non loan given asses.,fuck economy hate aig non loan given ass,0
4,Jquery is my new best friend.,jquery new best friend,2
4,Loves twitter,love twitter,4
4,how can you not love Obama? he makes jokes about himself.,love obama make joke,2
2,Check this video out -- President Obama at the White House Correspondents' Dinner http://bit.ly/IMXUM,check video -- president obama white house correspondent dinner,2
0,"@Karoli I firmly believe that Obama/Pelosi have ZERO desire to be civil.  It's a charade and a slogan, but they want to destroy conservatism",firmly believe obama/pelosi zero desire civil 's charade slogan want destroy conservatism,0
4,"House Correspondents dinner was last night whoopi, barbara &amp; sherri went, Obama got a standing ovation",house correspondent dinner last night whoopi barbara amp sherri went obama got standing ovation,2
4,Watchin Espn..Jus seen this new Nike Commerical with a Puppet Lebron..sh*t was hilarious...LMAO!!!,watchin espn .. jus seen new nike commerical puppet lebron .. sh hilarious ... lmao,4
0,"dear nike, stop with the flywire. that shit is a waste of science. and ugly. love, @vincentx24x",dear nike stop flywire shit waste science ugly love,0
4,"#lebron best athlete of our generation, if not all time (basketball related) I don't want to get into inter-sport debates about   __1/2",lebron best athlete generation time basketball related want get inter-sport debate __1/2,4
0,I was talking to this guy last night and he was telling me that he is a die hard Spurs fan.  He also told me that he hates LeBron James.,talking guy last night telling die hard spur fan also told hate lebron james,0
4,i love lebron. http://bit.ly/PdHur,love lebron,4
0,"@ludajuice Lebron is a Beast, but I'm still cheering 4 the A..til the end.",lebron beast 'm still cheering 4 .. til end,4
4,@Pmillzz lebron IS THE BOSS,lebron bos,2
4,"@sketchbug Lebron is a hometown hero to me, lol I love the Lakers but let's go Cavs, lol",lebron hometown hero lol love lakers let 's go cavs lol,4
4,lebron and zydrunas are such an awesome duo,lebron zydrunas awesome duo,4
4,@wordwhizkid Lebron is a beast... nobody in the NBA comes even close.,lebron beast ... nobody nba come even close,2
4,downloading apps for my iphone! So much fun :-) There literally is an app for just about anything.,downloading apps iphone much fun literally app anything,4
4,"good news, just had a call from the Visa office, saying everything is fine.....what a relief! I am sick of scams out there! Stealing!",good news call visa office saying everything fine ..... relief sick scam stealing,4
4,http://twurl.nl/epkr4b - awesome come back from @biz (via @fredwilson),awesome come back via,4
4,In montreal for a long weekend of R&amp;R. Much needed.,montreal long weekend r amp r. much needed,4
4,Booz Allen Hamilton has a bad ass homegrown social collaboration platform. Way cool!  #ttiv,booz allen hamilton bad as homegrown social collaboration platform way cool ttiv,4
4,[#MLUC09] Customer Innovation Award Winner: Booz Allen Hamilton -- http://ping.fm/c2hPP,mluc09 customer innovation award winner booz allen hamilton --,2
4,"@SoChi2 I current use the Nikon D90 and love it, but not as much as the Canon 40D/50D. I chose the D90 for the  video feature. My mistake.",current use nikon d90 love much canon 40d/50d chose d90 video feature mistake,2
2,need suggestions for a good IR filter for my canon 40D ... got some? pls DM,need suggestion good ir filter canon 40d ... got pls dm,2
2,@surfit: I just checked my google for my business- blip shows up as the second entry! Huh. Is that a good or ba... ? http://blip.fm/~6emhv,checked google business- blip show second entry huh good ba ...,4
4,"@phyreman9 Google is always a good place to look. Should've mentioned I worked on the Mustang w/ my Dad, @KimbleT.",google always good place look 've mentioned worked mustang w/ dad,4
0,Played with an android google phone. The slide out screen scares me I would break that fucker so fast. Still prefer my iPhone.,played android google phone slide screen scare would break fucker fast still prefer iphone,0
0,US planning to resume the military tribunals at Guantanamo Bay... only this time those on trial will be AIG execs and Chrysler debt holders,u planning resume military tribunal guantanamo bay ... time trial aig exec chrysler debt holder,2
0,omg so bored &amp; my tattoooos are so itchy!!  help! aha =),omg bored amp tattoooos itchy help aha,0
0,I'm itchy and miserable!,'m itchy miserable,0
0,"@sekseemess no. I'm not itchy for now. Maybe later, lol.",'m itchy maybe later lol,2
4,RT @jessverr I love the nerdy Stanford human biology videos - makes me miss school. http://bit.ly/13t7NR,rt love nerdy stanford human biology video make miss school,4
4,"@spinuzzi: Has been a bit crazy, with steep learning curve, but LyX is really good for long docs. For anything shorter, it would be insane.",bit crazy steep learning curve lyx really good long doc anything shorter would insane,4
4,"I'm listening to ""P.Y.T"" by Danny Gokey &lt;3 &lt;3 &lt;3 Aww, he's so amazing. I &lt;3 him so much :)",'m listening `` p.y.t '' danny gokey lt 3 lt 3 lt 3 aww 's amazing lt 3 much,4
4,is going to sleep then on a bike ride:],going sleep bike ride,2
0,cant sleep... my tooth is aching.,cant sleep ... tooth aching,0
0,"Blah, blah, blah same old same old. No plans today, going back to sleep I guess.",blah blah blah old old plan today going back sleep guess,0
0,"glad i didnt do Bay to Breakers today, it's 1000 freaking degrees in San Francisco wtf",glad didnt bay breaker today 's 1000 freaking degree san francisco wtf,0
2,is in San Francisco at Bay to Breakers.,san francisco bay breaker,2
2,just landed at San Francisco,landed san francisco,2
2,San Francisco today.  Any suggestions?,san francisco today suggestion,2
0,?Obama Administration Must Stop Bonuses to AIG Ponzi Schemers ... http://bit.ly/2CUIg,obama administration must stop bonus aig ponzi schemer ...,0
0,started to think that Citi is in really deep s&amp;^t. Are they gonna survive the turmoil or are they gonna be the next AIG?,started think citi really deep amp ^t gon na survive turmoil gon na next aig,2
0,ShaunWoo hate'n on AiG,shaunwoo hate'n aig,0
4,@YarnThing you will not regret going to see Star Trek. It was AWESOME!,regret going see star trek awesome,4
2,On my way to see Star Trek @ The Esquire.,way see star trek esquire,2
2,Going to see star trek soon with my dad.,going see star trek soon dad,2
0,annoying new trend on the internets:  people picking apart michael lewis and malcolm gladwell.  nobody wants to read that.,annoying new trend internet people picking apart michael lewis malcolm gladwell nobody want read,0
2,Bill Simmons in conversation with Malcolm Gladwell http://bit.ly/j9o50,bill simmons conversation malcolm gladwell,2
4,Highly recommend: http://tinyurl.com/HowDavidBeatsGoliath by Malcolm Gladwell,highly recommend malcolm gladwell,4
4,Blink by malcolm gladwell amazing book and The tipping point!,blink malcolm gladwell amazing book tipping point,4
4,Malcolm Gladwell might be my new man crush,malcolm gladwell might new man crush,2
0,omg. The commercials alone on ESPN are going to drive me nuts.,omg commercial alone espn going drive nut,0
4,@robmalon Playing with Twitter API sounds fun.  May need to take a class or find a new friend who like to generate results with API code.,playing twitter api sound fun may need take class find new friend like generate result api code,4
2,playing with cURL and the Twitter API,playing curl twitter api,2
4,Hello Twitter API ;),hello twitter api,2
2,playing with Java and the Twitter API,playing java twitter api,2
0,@morind45 Because the twitter api is slow and most client's aren't good.,twitter api slow client 's good,4
0,yahoo answers can be a butt sometimes,yahoo answer butt sometimes,0
4,is scrapbooking with Nic =D,scrapbooking nic =d,2
4,RT @mashable: Five Things Wolfram Alpha Does Better (And Vastly Different) Than Google - http://bit.ly/6nSnR,rt five thing wolfram alpha better vastly different google,2
4,just changed my default pic to a Nike basketball cause bball is awesome!!!!!,changed default pic nike basketball cause bball awesome,4
2,"Nike owns NBA Playoffs ads w/ LeBron, Kobe, Carmelo? http://ow.ly/7Uiy  #Adidas #Billups #Howard  #Marketing #Branding",nike owns nba playoff ad w/ lebron kobe carmelo adidas billups howard marketing branding,2
2,"'Next time, I'll call myself Nike'",'next time 'll call nike,2
2,New blog post: Nike SB Dunk Low Premium 'White Gum' http://tr.im/lOtT,new blog post nike sb dunk low premium 'white gum,2
0,RT @SmartChickPDX: Was just told that Nike layoffs started today :-(,rt told nike layoff started today,2
4,Back when I worked for Nike we had one fav word : JUST DO IT! :),back worked nike one fav word,2
4,"By the way, I'm totally inspired by this freaky Nike commercial: http://snurl.com/icgj9",way 'm totally inspired freaky nike commercial,4
2,"giving weka an app engine interface, using the bird strike data for the tests, the logo is a given.",giving weka app engine interface using bird strike data test logo given,2
2,"Brand New Canon EOS 50D 15MP DSLR Camera Canon 17-85mm IS Lens ...: Web Technology Thread, Brand New Canon EOS 5.. http://u.mavrev.com/5a3t",brand new canon eos 50d 15mp dslr camera canon 17-85mm lens ... web technology thread brand new canon eos 5 ..,2
4,Class... The 50d is supposed to come today :),class ... 50d supposed come today,2
0,needs someone to explain lambda calculus to him! :(,need someone explain lambda calculus,2
0,Took the Graduate Field Exam for Computer Science today.  Nothing makes you feel like more of an idiot than lambda calculus.,took graduate field exam computer science today nothing make feel like idiot lambda calculus,0
4,SHOUT OUTS TO ALL EAST PALO ALTO FOR BEING IN THE BUILDIN KARIZMAKAZE 50CAL GTA! ALSO THANKS TO PROFITS OF DOOM UNIVERSAL HEMPZ CRACKA......,shout out east palo alto buildin karizmakaze 50cal gta also thanks profit doom universal hempz cracka ......,2
0,"@legalgeekery Yeahhhhhhhhh, I wouldn't really have lived in East Palo Alto if I could have avoided it.  I guess it's only for the summer.",yeahhhhhhhhh would really lived east palo alto could avoided guess 's summer,2
4,@accannis @edog1203 Great Stanford course. Thanks for making it available to the public! Really helpful and informative for starting off!,great stanford course thanks making available public really helpful informative starting,4
2,"NVIDIA Names Stanford's Bill Dally Chief Scientist, VP Of Research http://bit.ly/Fvvg9",nvidia name stanford 's bill dally chief scientist vp research,2
2,New blog post: Harvard Versus Stanford - Who Wins? http://bit.ly/MCoCo,new blog post harvard versus stanford win,4
4,@ work til 6pm... lets go lakers!!!,work til 6pm ... let go lakers,2
0,Damn you North Korea. http://bit.ly/KtMeQ,damn north korea,0
0,Can we just go ahead and blow North Korea off the map already?,go ahead blow north korea map already,0
0,"North Korea, please cease this douchebaggery. China doesn't even like you anymore. http://bit.ly/NeHSl",north korea please cease douchebaggery china even like anymore,0
0,Why the hell is Pelosi in freakin China? and on whose dime?,hell pelosi freakin china whose dime,0
0,"Are YOU burning more cash $$$ than Chrysler and GM? Stop the financial tsunami. Where ""bailout"" means taking a handout!",burning cash chrysler gm stop financial tsunami `` bailout '' mean taking handout,2
0,insects have infected my spinach plant :(,insect infected spinach plant,0
0,wish i could catch every mosquito in the world n burn em slowly.they been bitin the shit outta me 2day.mosquitos are the assholes of insects,wish could catch every mosquito world n burn em slowly.they bitin shit outta 2day.mosquitos asshole insect,0
0,"just got back from church, and I totally hate insects.",got back church totally hate insect,0
0,Just got mcdonalds goddam those eggs make me sick. O yeah Laker up date go lakers. Not much of an update? Well it's true so suck it,got mcdonalds goddam egg make sick yeah laker date go lakers much update well 's true suck,0
4,omgg i ohhdee want mcdonalds damn i wonder if its open lol =],omgg ohhdee want mcdonalds damn wonder open lol,4
0,History exam studying ugh,history exam studying ugh,0
0,"I hate revision, it's so boring! I am totally unprepared for my exam tomorrow :( Things are not looking good...",hate revision 's boring totally unprepared exam tomorrow thing looking good ...,0
0,"Higher physics exam tommorow, not lookin forward to it much :(",higher physic exam tommorow lookin forward much,4
0,"It's a bank holiday, yet I'm only out of work now. Exam season sucks:(",'s bank holiday yet 'm work exam season suck,0
0,Cheney and Bush are the real culprits - http://fwix.com/article/939496,cheney bush real culprit,2
0,Life?s a bitch? and so is Dick Cheney. #p2 #bipart #tlot #tcot #hhrs #GOP #DNC http://is.gd/DjyQ,life bitch dick cheney p2 bipart tlot tcot hhrs gop dnc,0
0,"Dick Cheney's dishonest speech about torture, terror, and Obama. -Fred Kaplan Slate. http://is.gd/DiHg",dick cheney 's dishonest speech torture terror obama -fred kaplan slate,0
0,"""The Republican party is a bunch of anti-abortion zealots who couldn't draw flies to a dump."" -- Neal Boortz (just now, on the radio)",`` republican party bunch anti-abortion zealot could draw fly dump '' -- neal boortz radio,0
0,is Twitter's connections API broken? Some tweets didn't make it to Twitter...,twitter 's connection api broken tweet make twitter ...,0
0,"i srsly hate the stupid twitter API timeout thing, soooo annoying!!!!! :(",srsly hate stupid twitter api timeout thing soooo annoying,0
4,"@psychemedia I really liked @kswedberg's ""Learning jQuery"" book. http://bit.ly/pg0lT is worth a look too",really liked 's `` learning jquery '' book worth look,4
2,jQuery UI 1.6 Book Review - http://cfbloggers.org/?c=30631,jquery ui 1.6 book review,2
4,"Very Interesting Ad from Adobe by Goodby, Silverstein &amp; Partners - YouTube - Adobe CS4: Le Sens Propre http://bit.ly/VprpT",interesting ad adobe goodby silverstein amp partner youtube adobe cs4 le sen propre,2
4,Goodby Silverstein agency new site! http://www.goodbysilverstein.com/ Great!,goodby silverstein agency new site great,4
4,"RT @designplay Goodby, Silverstein's new site: http://www.goodbysilverstein.com/ I enjoy it. *nice find!*",rt goodby silverstein 's new site enjoy nice find,4
4,The ever amazing Psyop and Goodby Silverstein &amp; Partners for HP! http://bit.ly/g2rU8 Have to go play with After Effects now!,ever amazing psyop goodby silverstein amp partner hp go play effect,4
4,top ten most watched on Viral-Video Chart.  Love the nike #mostvaluablepuppets campaign from Wieden &amp; Kennedy http://bit.ly/nR1n9,top ten watched viral-video chart love nike mostvaluablepuppets campaign wieden amp kennedy,4
4,zomg!!! I have a G2!!!!!!!,zomg g2,2
4,Ok so lots of buzz from IO2009 but how lucky are they - a Free G2!! http://is.gd/Hyzl,ok lot buzz io2009 lucky free g2,2
4,just got a free G2 android at google i/o!!!,got free g2 android google i/o,4
4,Guess I'll be retiring my G1 and start using my developer G2 woot #googleio,guess 'll retiring g1 start using developer g2 woot googleio,2
2,At GWT fireside chat @googleio,gwt fireside chat,2
4,I am happy for Philip being at GoogleIO today,happy philip googleio today,4
4,Lakers played great!  Cannot wait for Thursday night Lakers vs. ???,lakers played great wait thursday night lakers v,4
2,"Hi there, does anyone have a great source for advice on viral marketing?... http://link.gs/YtZ8",hi anyone great source advice viral marketing ...,4
4,Judd Apatow creates fake sitcom on NBC.com to market his new movie... viral marketing at its best. http://is.gd/K0yK,judd apatow creates fake sitcom nbc.com market new movie ... viral marketing best,0
2,"Here's A case study on how to use viral marketing to add over 10,000 people to your list http://snipr.com/i50oz","'s case study use viral marketing add 10,000 people list",2
0,VIRAL MARKETING FAIL. This Acia Pills brand oughta get shut down for hacking into people's messenger's.  i get 5-6 msgs in a day! Arrrgh!,viral marketing fail acia pill brand oughta get shut hacking people 's messenger 's get 5-6 msg day arrrgh,0
4,watching Night at The Museum . Lmao,watching night museum lmao,2
4,i loved night at the museum!!!,loved night museum,4
2,going to see the new night at the museum  movie with my family oh boy a three year old in the movies fuin,going see new night museum movie family oh boy three year old movie fuin,2
4,just got back from the movies.  went to see the new night at the museum with rachel.  it was good,got back movie went see new night museum rachel good,4
2,Just saw the new Night at the Museum movie...it was...okay...lol 7\10,saw new night museum movie ... ... okay ... lol 7\10,4
2,Going to see night at the museum 2 with tall boy,going see night museum 2 tall boy,2
4,@shannyoday I will take you on a date to see night at the museum 2 whenever you want...it looks soooooo good,take date see night museum 2 whenever want ... look soooooo good,4
4,no watching The Night At The Museum. Getting Really Good,watching night museum getting really good,4
4,"Night at the Museum, Wolverine and junk food - perfect monday!",night museum wolverine junk food perfect monday,4
4,saw night at the museum 2 last night.. pretty crazy movie.. but the cast was awesome so it was well worth it. Robin Williams forever!,saw night museum 2 last night .. pretty crazy movie .. cast awesome well worth robin williams forever,4
2,I saw Night at the Museum: Battle of the Swithsonian today. It was okay. Your typical [kids] Ben Stiller movie.,saw night museum battle swithsonian today okay typical kid ben stiller movie,4
2,Taking Katie to see Night at the Museum.  (she picked it),taking katie see night museum picked,2
0,Night at the Museum tonite instead of UP. :( oh well. that 4 yr old better enjoy it. LOL,night museum tonite instead oh well 4 yr old better enjoy lol,4
2,GM says expects announcment on sale of Hummer soon - Reuters: WDSUGM says expects announcment on sale of Hummer .. http://bit.ly/4E1Fv,gm say expects announcment sale hummer soon reuters wdsugm say expects announcment sale hummer ..,2
0,It's unfortunate that after the Stimulus plan was put in place twice to help GM on the back of the American people has led to the inevitable,'s unfortunate stimulus plan put place twice help gm back american people led inevitable,0
0,Tell me again why we are giving more $$ to GM?? We should use that $ for all the programs that support the unemployed.,tell giving gm use program support unemployed,2
0,@jdreiss oh yes but if GM dies it will only be worth more boo hahaha,oh yes gm dy worth boo hahaha,4
0,Time Warner cable is down again 3rd time since Memorial Day bummer!,time warner cable 3rd time since memorial day bummer,0
0,"I would rather pay reasonable yearly taxes for ""free"" fast internet, than get gouged by Time Warner for a slow connection.",would rather pay reasonable yearly tax `` free '' fast internet get gouged time warner slow connection,2
0,NOOOOOOO my DVR just died and I was only half way through the EA presser. Hate you Time Warner,nooooooo dvr died half way ea presser hate time warner,0
0,F*ck Time Warner Cable!!! You f*cking suck balls!!! I have a $700 HD tv &amp; my damn HD channels hardly ever come in. Bullshit!!,f ck time warner cable f cking suck ball 700 hd tv amp damn hd channel hardly ever come bullshit,0
0,time warner has the worse customer service ever. I will never use them again,time warner worse customer service ever never use,0
0,Time warner is the devil. Worst possible time for the Internet to go out.,time warner devil worst possible time internet go,0
0,Fuck no internet damn time warner!,fuck internet damn time warner,0
0,time warner really picks the worst time to not work. all i want to do is get to mtv.com so i can watch the hills. wtfffff.,time warner really pick worst time work want get mtv.com watch hill wtfffff,0
0,I hate Time Warner! Soooo wish I had Vios. Cant watch the fricken Mets game w/o buffering. I feel like im watching free internet porn.,hate time warner soooo wish vios cant watch fricken mets game w/o buffering feel like im watching free internet porn,0
0,Ahh...got rid of stupid time warner today &amp; now taking a nap while the roomies cook for me. Pretty good end for a monday :),ahh ... got rid stupid time warner today amp taking nap roomy cook pretty good end monday,4
0,Time Warner's HD line up is crap.,time warner 's hd line crap,0
0,is being fucked by time warner cable. didnt know modems could explode. and Susan Boyle sucks too!,fucked time warner cable didnt know modem could explode susan boyle suck,0
2,Time Warner Cable Pulls the Plug on 'The Girlfriend Experience' - (www.tinyurl.com/m595fk),time warner cable pull plug 'the girlfriend experience www.tinyurl.com/m595fk,2
0,Time Warner Cable slogan: Where calling it a day at 2pm Happens.,time warner cable slogan calling day 2pm happens,2
2,"Rocawear Heads to China, Building 300 Stores  - http://tinyurl.com/nofet3",rocawear head china building 300 store,2
2,"Climate focus turns to Beijing: The United Nations, the US and European governments have called on China to co-o.. http://tinyurl.com/lto92n",climate focus turn beijing united nation u european government called china co-o ..,2
2,myfoxdc Barrie Students Back from Trip to China: A Silver Spring high school's class trip to China has en.. http://tinyurl.com/nlhqba,myfoxdc barrie student back trip china silver spring high school 's class trip china en ..,2
2,"Three China aerospace giants develop Tianjin Binhai  New Area,  22.9 B yuan invested   http://bit.ly/mMiDv",three china aerospace giant develop tianjin binhai new area 22.9 b yuan invested,2
2,http://xi.gs/04FO GM CEO: China will continue to be key partner,gm ceo china continue key partner,2
2,RT @LATimesautos is now the time to buy a GM car? http://bit.ly/nRzlu,rt time buy gm car,2
0,Recovering from surgery..wishing @julesrenner was here :(,recovering surgery .. wishing,2
4,"My wrist still hurts. I have to get it looked at. I HATE the dr/dentist/scary places. :( Time to watch Eagle eye. If you want to join, txt!",wrist still hurt get looked hate dr/dentist/scary place time watch eagle eye want join txt,0
2,Dentist tomorrow. Have to brush well in the morning. Like I make my hair all nice before I get it cut. Why?,dentist tomorrow brush well morning like make hair nice get cut,4
0,"THE DENTIST LIED! "" U WON'T FEEL ANY DISCOMORT! PROB WON'T EVEN NEED PAIN PILLS"" MAN U TWIPPIN THIS SHIT HURT!! HOW MANY PILLS CAN I TAKE!!",dentist lied `` u wo feel discomort prob wo even need pain pill '' man u twippin shit hurt many pill take,0
0,@kirstiealley my dentist is great but she's expensive...=(,dentist great 's expensive ...,2
2,@kirstiealley Pet Dentist http://www.funnyville.com/fv/pictures/dogdentures.shtml,pet dentist,2
4,is studing math ;) tomorrow exam and dentist :),studing math tomorrow exam dentist,2
0,my dentist was wrong... WRONG,dentist wrong ... wrong,0
0,Going to the dentist later.:|,going dentist later,2
0,Son has me looking at cars online.  I hate car shopping.  Would rather go to the dentist!  Anyone with a good car at a good price to sell?,son looking car online hate car shopping would rather go dentist anyone good car good price sell,0
2,NCAA Baseball Super Regional - Rams Club http://bit.ly/Ro7nx,ncaa baseball super regional ram club,2
2,just started playing Major League Baseball 2K9. http://raptr.com/H3LLGWAR,started playing major league baseball 2k9,2
2,Cardinals baseball advance to Super Regionals. Face CS-Fullerton Friday.,cardinal baseball advance super regionals face cs-fullerton friday,2
2,Sony coupon code.. Expires soon.. http://www.coupondork.com/r/1796,sony coupon code .. expires soon ..,2
2,waiting in line at safeway.,waiting line safeway,2
0,luke and i got stopped walking out of safeway and asked to empty our pockets and lift our shirts. how jacked up is that?,luke got stopped walking safeway asked empty pocket lift shirt jacked,0
2,Did not realize there is a gym above Safeway!,realize gym safeway,2
2,"@XPhile1908 I have three words for you: ""Safeway dot com""",three word `` safeway dot com '',2
4,Safeway is very rock n roll tonight,safeway rock n roll tonight,2
2,Bout to hit safeway I gotta eat,bout hit safeway got ta eat,2
2,Jake's going to safeway!,jake 's going safeway,2
2,Found a safeway. Picking up a few staples.,found safeway picking staple,2
2,Safeway Super-marketing via mobile coupons http://bit.ly/ONH7w,safeway super-marketing via mobile coupon,2
0,The safeway bathroom still smells like ass!,safeway bathroom still smell like as,0
0,"At safeway on elkhorn, they move like they're dead!",safeway elkhorn move like 're dead,2
2,Your Normal Weight (and How to Get There) ? Normal Eating Blog http://bit.ly/ZeT8O,normal weight get normal eating blog,2
2,Is Eating and Watching Movies....,eating watching movie ....,2
2,eating sashimi,eating sashimi,2
2,is eating  home made yema,eating home made yema,2
2,eating cake,eating cake,2
4,i love Dwight Howard's vitamin water commercial... now i wish he was with NIKE and not adidas. lol.,love dwight howard 's vitamin water commercial ... wish nike adidas lol,4
0,Found NOTHING at Nike Factory :/ Off to Banana Republic Outlet! http://myloc.me/2zic,found nothing nike factory banana republic outlet,0
2,iPhone May Get Radio Tagging and Nike  : Recently-released iTunes version 8.2 suggests that VoiceOver functional.. http://tinyurl.com/oq5ctc,iphone may get radio tagging nike recently-released itunes version 8.2 suggests voiceover functional ..,2
4,is lovin his Nike  already and that's only from running on the spot in his bedroom,lovin nike already 's running spot bedroom,2
2,Launched! http://imgsearch.net  #imgsearch #ajax #jquery #webapp,launched imgsearch ajax jquery webapp,2
4,@matthewcyan I finally got around to using jquery to make my bio collapse. Yay for slide animations.,finally got around using jquery make bio collapse yay slide animation,4
2,RT @jquery: The Ultimate jQuery List - http://jquerylist.com/,rt ultimate jquery list,2
2,I just extracted and open-sourced a jQuery plugin from Stormweight to highlight text with a regular expression: http://bit.ly/ybJKb,extracted open-sourced jquery plugin stormweight highlight text regular expression,2
2,@anna_debenham what was the php jquery hack?,php jquery hack,2
2,jQuery Cheat Sheet http://www.javascripttoolbox.com/jquery/cheatsheet/,jquery cheat sheet,2
2,Beginning JavaScript and CSS Development with jQuery #javascript #css #jquery http://bit.ly/TO3e5,beginning javascript cs development jquery javascript cs jquery,2
4,"@PDubyaD right!!! LOL we'll get there!! I have high expectations, Warren Buffet style.",right lol 'll get high expectation warren buffet style,2
4,"RT @blknprecious1: RT GREAT @dbroos ""Someone's sitting in the shade today because someone planted a tree a long time ago.""- Warren Buffet",rt rt great `` someone 's sitting shade today someone planted tree long time ago `` warren buffet,4
2,Warren Buffet on the economy http://ping.fm/Lau0p,warren buffet economy,2
4,"Warren Buffet became (for a time) the richest man in the United States, not by working but investing in 1 Big idea which lead to the fortune",warren buffet became time richest man united state working investing 1 big idea lead fortune,4
4,"According to the create a school, Notre Dame will have 7 receivers in NCAA 10 at 84 or higher rating :) *sweet*",according create school notre dame 7 receiver ncaa 10 84 higher rating sweet,4
2,All-Star Basketball Classic Tuesday Features Top Talent: Chattanooga's Notre Dame High School will play host.. http://bit.ly/qltJA,all-star basketball classic tuesday feature top talent chattanooga 's notre dame high school play host ..,4
4,@BlondeBroad it's definitely under warranty &amp; my experience is the amazon support for kindle is great! had to contact them about my kindle2,'s definitely warranty amp experience amazon support kindle great contact kindle2,4
2,"RT Look, Available !Amazon Kindle2 &amp; Kindle DX, Get it Here: http://short.to/87ub The Top Electronic Book Reader Period, free 2 day ship ...",rt look available amazon kindle2 amp kindle dx get top electronic book reader period free 2 day ship ...,4
0,Time Warner Road Runner customer support here absolutely blows. I hate not having other high-speed net options. I'm ready to go nuclear.,time warner road runner customer support absolutely blow hate high-speed net option 'm ready go nuclear,0
0,Time Warner cable phone reps r dumber than nails!!!!! UGH! Cable was working 10 mins ago now its not WTF!,time warner cable phone rep r dumber nail ugh cable working 10 min ago wtf,0
0,@siratomofbones we tried but Time Warner wasn't being nice so we recorded today. :),tried time warner nice recorded today,4
0,OMG - time warner f'ed up my internet install - instead of today  its now NEXT saturday - another week w/o internet! &amp;$*ehfa^V9fhg[*# fml.,omg time warner f'ed internet install instead today next saturday another week w/o internet amp ehfa^v9fhg fml,2
0,"wth..i have never seen a line this loooong at time warner before, ugh.",wth .. never seen line loooong time warner ugh,0
0,Impatiently awaiting the arrival of the time warner guy. It's way too pretty to be inside all afternoon,impatiently awaiting arrival time warner guy 's way pretty inside afternoon,4
2,Man accosts Roger Federer during French Open http://ff.im/3HCPT,man accosts roger federer french open,2
0,Naive Bayes using EM for Text Classification. Really Frustrating...,naive bayes using em text classification really frustrating ...,0
4,We went to Stanford University today. Got a tour. Made me want to go back to college. It's also decided all of our kids will go there.,went stanford university today got tour made want go back college 's also decided kid go,2
2,Investigation pending on death of Stanford CS prof / Google mentor Rajeev Motwani http://bit.ly/LwOUR tip @techmeme,investigation pending death stanford c prof google mentor rajeev motwani tip,2
2,"I'm going to bed. It was a successful weekend. Stanford, here I come.",'m going bed successful weekend stanford come,4
0,"@KarrisFoxy If you're being harassed by calls about your car warranty, changing your number won't fix that. They call every number. #d-bags",'re harassed call car warranty changing number wo fix call every number d-bags,2
0,Just blocked United Blood Services using Google Voice. They call more than those Car Warranty guys.,blocked united blood service using google voice call car warranty guy,0
0,#at&amp;t is complete fail.,amp complete fail,0
0,@broskiii OH SNAP YOU WORK AT AT&amp;T DON'T YOU,oh snap work amp,2
0,@Mbjthegreat i really dont want AT&amp;T phone service..they suck when it comes to having a signal,really dont want amp phone service .. suck come signal,0
0,"I say we just cut out the small talk: AT&amp;T's new slogan: F__k you, give us your money. (Apologies to Bob Geldof.)",say cut small talk amp 's new slogan f__k give u money apology bob geldof,0
0,pissed about at&amp;t's mid-contract upgrade price for the iPhone (it's $200 more) I'm not going to pay $499 for something I thought was $299,pissed amp 's mid-contract upgrade price iphone 's 200 'm going pay 499 something thought 299,2
0,Safari 4 is fast :) Even on my shitty AT&amp;T tethering.,safari 4 fast even shitty amp tethering,2
0,@ims What is AT&amp;T fucking up?,amp fucking,0
0,@springsingfiend @dvyers @sethdaggett @jlshack AT&amp;T dropped the ball and isn't supporting crap with the new iPhone 3.0... FAIL #att SUCKS!!!,amp dropped ball supporting crap new iphone 3.0 ... fail att suck,0
0,"@MMBarnhill yay, glad you got the phone! Still, damn you, AT&amp;T.",yay glad got phone still damn amp,4
2,Google Wave Developer Sandbox Account Request http://bit.ly/2NYlc,google wave developer sandbox account request,2
0,"Talk is Cheap: Bing that, I?ll stick with Google. http://bit.ly/XC3C8",talk cheap bing stick google,2
0,"@defsounds WTF is the point of deleting tweets if they can still be found in summize and searches? Twitter, please fix that. Thanks and bye",wtf point deleting tweet still found summize search twitter please fix thanks bye,0
2,@mattcutts have google profiles stopped showing up in searches? cant see them anymore,google profile stopped showing search cant see anymore,0
4,@ArunBasilLal I love Google Translator too ! :D Good day mate !,love google translator good day mate,4
4,reading on my new Kindle2!,reading new kindle2,2
4,My Kindle2 came and I LOVE it! :),kindle2 came love,4
4,"LOVING my new Kindle2.  Named her Kendra in case u were wondering. The ""cookbook"" is THE tool cuz it tells u all the tricks!  Best gift EVR!",loving new kindle2 named kendra case u wondering `` cookbook '' tool cuz tell u trick best gift evr,4
0,The real AIG scandal / http://bit.ly/b82Px,real aig scandal,2
2,Any twitter to aprs apps yet?,twitter apr apps yet,2
2,45 Pros You Should Be Following on Twitter - http://is.gd/sMbZ,45 pro following twitter,2
4,Obama is quite a good comedian! check out his dinner speech on CNN :) very funny jokes.,obama quite good comedian check dinner speech cnn funny joke,4
4,"' Barack Obama shows his funny side "" &gt;&gt; http://tr.im/l0gY !! Great speech..",barack obama show funny side `` gt gt great speech ..,4
4,"I like this guy : ' Barack Obama shows his funny side "" &gt;&gt; http://tr.im/l0gY !!",like guy barack obama show funny side `` gt gt,2
4,Obama's speech was pretty awesome last night! http://bit.ly/IMXUM,obama 's speech pretty awesome last night,4
4,"Reading  ""Bill Clinton Fail - Obama Win?"" http://tinyurl.com/pcyxj7",reading `` bill clinton fail obama win '',2
4,Obama More Popular Than U.S. Among Arabs: Survey: President Barack Obama's popularity in leading Arab countries .. http://tinyurl.com/prlvqu,obama popular u.s among arab survey president barack obama 's popularity leading arab country ..,2
4,Obama's got JOKES!! haha just got to watch a bit of his after dinner speech from last night... i'm in love with mr. president ;),obama 's got joke haha got watch bit dinner speech last night ... 'm love mr. president,4
0,LEbron james got in a car accident i guess..just heard it on evening news...wow i cant believe it..will he be ok ? http://twtad.com/69750,lebron james got car accident guess .. heard evening news ... wow cant believe .. ok,2
4,is it me or is this the best the playoffs have been in years oh yea lebron and melo in the finals,best playoff year oh yea lebron melo final,4
4,"@khalid0456 No, Lebron is the best",lebron best,4
4,@the_real_usher LeBron is cool.  I like his personality...he has good character.,lebron cool like personality ... good character,4
4,Watching Lebron highlights. Damn that niggas good,watching lebron highlight damn nigga good,4
4,@Lou911 Lebron is MURDERING shit.,lebron murdering shit,0
4,@uscsports21 LeBron is a monsta and he is only 24. SMH The world ain't ready.,lebron monsta 24 smh world ai ready,2
4,@cthagod when Lebron is done in the NBA he will probably be greater than Kobe. Like u said Kobe is good but there alot of 'good' players.,lebron done nba probably greater kobe like u said kobe good alot 'good player,4
4,KOBE IS GOOD BT LEBRON HAS MY VOTE,kobe good bt lebron vote,4
0,Kobe is the best in the world not lebron .,kobe best world lebron,4
4,"@asherroth World Cup 2010 Access?? Damn, that's a good look!",world cup 2010 access damn 's good look,4
4,Just bought my tickets for the 2010 FIFA World Cup in South Africa. Its going to be a great summer. http://bit.ly/9GEZI,bought ticket 2010 fifa world cup south africa going great summer,4
2,Share: Disruption...Fred Wilson's slides for his talk at Google HQ  http://bit.ly/Bo8PG,share disruption ... fred wilson 's slide talk google hq,2
0,I have to go to Booz Allen Hamilton for a 2hr meeting :(  But then i get to go home :),go booz allen hamilton 2hr meeting get go home,2
4,"The great Indian tamasha truly will unfold from May 16, the result day for Indian General Election.",great indian tamasha truly unfold may 16 result day indian general election,4
4,"@crlane I have the Kindle2. I've seen pictures of the DX, but haven't seen it in person. I love my Kindle - I'm on it everyday.",kindle2 've seen picture dx seen person love kindle 'm everyday,4
4,@criticalpath Such an awesome idea - the  continual learning program with a Kindle2  http://bit.ly/1ZLfF,awesome idea continual learning program kindle2,4
2,ok.. do nothing.. just thinking about 40D,ok .. nothing .. thinking 40d,2
4,"@faithbabywear Ooooh, what model are you getting??? I have the 40D and LOVE LOVE LOVE LOVE it!",ooooh model getting 40d love love love love,4
4,The Times of India: The wonder that is India's election. http://bit.ly/p7u1H,time india wonder india 's election,2
4,http://is.gd/ArUJ Good video from Google on using search options.,good video google using search option,4
0,@ambcharlesfield lol. Ah my skin is itchy :( damn lawnmowing.,lol ah skin itchy damn lawnmowing,0
0,itchy back!! dont ya hate it!,itchy back dont ya hate,2
4,Stanford Charity Fashion Show a top draw http://cli.gs/NeNuAH,stanford charity fashion show top draw,2
4,Stanford University?s Facebook Profile is One of the Most Popular Official University Pages - http://tinyurl.com/p5b3fl,stanford university facebook profile one popular official university page,2
4,Lyx is cool.,lyx cool,4
4,SOOO DISSAPOiNTED THEY SENT DANNY GOKEY HOME... YOU STiLL ROCK ...DANNY ... MY HOMETOWN HERO !! YEAH MiLROCKEE!!,sooo dissapointed sent danny gokey home ... still rock ... danny ... hometown hero yeah milrockee,2
4,"RT @PassionModel 'American Idol' fashion: Adam Lambert tones down, Danny Gokey cute ... http://cli.gs/7JWSHV",rt 'american idol fashion adam lambert tone danny gokey cute ...,4
4,@dannygokey I love you DANNY GOKEY!! :),love danny gokey,4
2,RT @justindavey: RT @tweetmeme GM OnStar now instantly sends accident location coordinates to 911 | GPS Obsessed http://bit.ly/16szL1,rt rt gm onstar instantly sends accident location coordinate 911 gps obsessed,2
0,so tired. i didn't sleep well at all last night.,tired sleep well last night,4
0,Boarding plane for San Francisco in 1 hour; 6 hr flight. Blech.,boarding plane san francisco 1 hour 6 hr flight blech,2
0,bonjour San Francisco. My back hurts from last night..,bonjour san francisco back hurt last night ..,0
2,"breakers. in San Francisco, CA http://loopt.us/4v88Bw.t",breaker san francisco ca,2
2,Heading to San Francisco,heading san francisco,2
4,With my best girl for a few more hours in San francisco. Mmmmmfamily is wonderful!,best girl hour san francisco mmmmmfamily wonderful,4
0,"F*** up big, or go home - AIG",f big go home aig,2
4,Went to see the Star Trek movie last night.  Very satisfying.,went see star trek movie last night satisfying,4
4,"I can't wait, going to see star trek tonight!!",ca wait going see star trek tonight,4
4,Star Trek was as good as everyone said!!,star trek good everyone said,4
4,am loving new malcolm gladwell book - outliers,loving new malcolm gladwell book outlier,4
4,I highly recommend Malcolm Gladwell's 'The Tipping Point.' My next audiobook will probably be one of his as well.,highly recommend malcolm gladwell 's 'the tipping point next audiobook probably one well,4
0,Malcolm Gladwell is a genius at tricking people into not realizing he's a fucking idiot,malcolm gladwell genius tricking people realizing 's fucking idiot,0
0,"@sportsguy33 hey no offense but malcolm gladwell is a pretenious, annoying cunt and he brings you down. cant read his shit",hey offense malcolm gladwell pretenious annoying cunt brings cant read shit,0
4,RT @clashmore: http://bit.ly/SOYv7  Great article by Malcolm Gladwell.,rt great article malcolm gladwell,4
4,I seriously underestimated Malcolm Gladwell.  I want to meet this dude.,seriously underestimated malcolm gladwell want meet dude,0
0,i hate comcast right now. everything is down cable internet &amp; phone....ughh what am i to do,hate comcast right everything cable internet amp phone .... ughh,0
0,Comcast sucks.,comcast suck,0
0,The day I never have to deal with Comcast again will rank as one of the best days of my life.,day never deal comcast rank one best day life,4
0,@Dommm did comcast fail again??,comcast fail,0
2,How do you use the twitter API?... http://bit.ly/4VBhH,use twitter api ...,2
0,curses the Twitter API limit,curse twitter api limit,0
0,"Now I can see why Dave Winer screams about lack of Twitter API, its limitations and access throttles!",see dave winer scream lack twitter api limitation access throttle,0
2,testing Twitter API,testing twitter api,2
0,Arg. Twitter API is making me crazy.,arg twitter api making crazy,0
2,Testing Twitter API. Remote Update,testing twitter api remote update,2
4,I'm really loving the new search site Wolfram/Alpha. Makes Google seem so ... quaint. http://www72.wolframalpha.com/,'m really loving new search site wolfram/alpha make google seem ... quaint,4
0,"#wolfram Alpha SUCKS! Even for researchers the information provided is less than you can get from #google or #wikipedia, totally useless!",wolfram alpha suck even researcher information provided le get google wikipedia totally useless,0
4,Off to the NIKE factory!!!,nike factory,2
4,New nike muppet commercials are pretty cute. Why do we live together again?,new nike muppet commercial pretty cute live together,4
2,New blog post: Nike Zoom LeBron Soldier 3 (III) - White / Black - Teal http://bit.ly/rouUS,new blog post nike zoom lebron soldier 3 iii white black teal,2
2,New blog post: Nike Trainer 1 http://bit.ly/394bp,new blog post nike trainer 1,2
0,@Fraggle312 oh those are awesome! i so wish they weren't owned by nike :(,oh awesome wish owned nike,4
4,@tonyhawk http://twitpic.com/5c7uj - AWESOME!!! Seeing the show Friday at the Shoreline Amphitheatre. Never seen NIN before. Can't wait. ...,awesome seeing show friday shoreline amphitheatre never seen nin ca wait ...,4
0,"arhh, It's weka bug. = ="" and I spent almost two hours to find that out. crappy me",arhh 's weka bug '' spent almost two hour find crappy,0
4,"@mitzs hey bud :) np I do so love my 50D, although I'd love a 5D mkII more",hey bud np love 50d although 'd love 5d mkii,4
4,@jonduenas @robynlyn just got us a 50D for the office. :D,got u 50d office,2
4,Just picked up my new Canon 50D...it's beautiful!!  Prepare for some seriously awesome photography!,picked new canon 50d ... 's beautiful prepare seriously awesome photography,4
4,Just got my new toy. Canon 50D. Love love love it!,got new toy canon 50d love love love,4
4,Learning about lambda calculus :),learning lambda calculus,2
2,"#jobs #sittercity Help with taking care of sick child (East Palo Alto, CA) http://tinyurl.com/qwrr2m",job sittercity help taking care sick child east palo alto ca,2
4,I'm moving to East Palo Alto!,'m moving east palo alto,2
4,@ atebits I just finished watching your Stanford iPhone Class session. I really appreciate it. You Rock!,atebits finished watching stanford iphone class session really appreciate rock,4
4,@jktweet Hi! Just saw your Stanford talk and really liked your advice. Just saying Hi from Singapore (yes the videos do get around),hi saw stanford talk really liked advice saying hi singapore yes video get around,4
2,#MBA Admissions Tips Stanford GSB Deadlines and Essay Topics 2009-2010 http://tinyurl.com/pet4fd,mba admission tip stanford gsb deadline essay topic 2009-2010,2
2,Ethics and nonprofits - http://bit.ly/qsXRp  #stanford #socialentrepreneurship,ethic nonprofit stanford socialentrepreneurship,2
4,LAKERS tonight let's go!!!!,lakers tonight let 's go,4
4,Will the Lakers kick the Nuggets ass tonight?,lakers kick nugget as tonight,2
0,Oooooooh... North Korea is in troubleeeee! http://bit.ly/19epAH,oooooooh ... north korea troubleeeee,0
0,Wat the heck is North Korea doing!!??!! They just conducted powerful nuclear tests! Follow the link: http://www.msnbc.msn.com/id/30921379,wat heck north korea conducted powerful nuclear test follow link,2
0,Listening to Obama... Friggin North Korea...,listening obama ... friggin north korea ...,0
0,"I just realized we three monkeys in the white Obama.Biden,Pelosi . Sarah Palin 2012",realized three monkey white obama.biden pelosi sarah palin 2012,2
0,@foxnews Pelosi should stay in China and never come back.,pelosi stay china never come back,2
0,Nancy Pelosi gave the worst commencement speech I've ever heard. Yes I'm still bitter about this,nancy pelosi gave worst commencement speech 've ever heard yes 'm still bitter,0
0,ugh. the amount of times these stupid insects have bitten me. Grr..,ugh amount time stupid insect bitten grr ..,0
4,Prettiest insects EVER - Pink Katydids: http://bit.ly/2Upw2p,prettiest insect ever pink katydid,2
0,Just got barraged by a horde of insects hungry for my kitchen light. So scary.,got barraged horde insect hungry kitchen light scary,0
4,Just had McDonalds for dinner. :D It was goooood. Big Mac Meal. ;),mcdonalds dinner goooood big mac meal,4
4,AHH YES LOL IMA TELL MY HUBBY TO GO GET ME SUM MCDONALDS =],ahh yes lol ima tell hubby go get sum mcdonalds,4
4,Stopped to have lunch at McDonalds. Chicken Nuggetssss! :) yummmmmy.,stopped lunch mcdonalds chicken nugget yummmmmy,4
4,Could go for a lot of McDonalds. i mean A LOT.,could go lot mcdonalds mean lot,4
4,my exam went good. @HelloLeonie: your prayers worked (:,exam went good prayer worked,4
4,"Only one exam left, and i am so happy for it :D",one exam left happy,4
0,Math review. Im going to fail the exam.,math review im going fail exam,0
0,Colin Powell rocked yesterday on CBS. Cheney needs to shut the hell up and go home.Powell is a man of Honor and served our country proudly,colin powell rocked yesterday cbs cheney need shut hell go home.powell man honor served country proudly,4
0,obviously not siding with Cheney here: http://bit.ly/19j2d,obviously siding cheney,2
4,Absolutely hilarious!!! from @mashable:  http://bit.ly/bccWt,absolutely hilarious,4
4,@mashable I never did thank you for including me in your Top 100 Twitter Authors! You Rock! (&amp; I New Wave :-D) http://bit.ly/EOrFV,never thank including top 100 twitter author rock amp new wave -d,2
2,Learning jQuery 1.3 Book Review - http://cfbloggers.org/?c=30629,learning jquery 1.3 book review,2
4,RT @shrop: Awesome JQuery reference book for Coda! http://www.macpeeps.com/coda/ #webdesign,rt awesome jquery reference book coda webdesign,4
4,I've been sending e-mails like crazy today to my contacts...does anyone have a contact at Goodby SIlverstein...I'd love to speak to them,'ve sending e-mail like crazy today contact ... anyone contact goodby silverstein ... 'd love speak,4
2,Adobe CS4 commercial by Goodby Silverstein: http://bit.ly/1aikhF,adobe cs4 commercial goodby silverstein,2
4,"Goodby, Silverstein's new site... http://www.goodbysilverstein.com/ I enjoy it.",goodby silverstein 's new site ... enjoy,4
4,Wow everyone at the Google I/O conference got free G2's with a month of unlimited service,wow everyone google i/o conference got free g2 's month unlimited service,4
4,@vkerkez dood I got a free google android phone at the I/O conference. The G2!,dood got free google android phone i/o conference g2,4
4,"@Orli the G2 is amazing btw, a HUGE improvement over the G1",g2 amazing btw huge improvement g1,4
4,"HTML 5 Demos! Lots of great stuff to come! Yes, I'm excited. :) http://htmlfive.appspot.com #io2009 #googleio",html 5 demo lot great stuff come yes 'm excited io2009 googleio,4
4,@googleio http://twitpic.com/62shi - Yay! Happy place! Place place!  I love Google!,yay happy place place place love google,4
4,#GoogleIO | O3D - Bringing 3d graphics to the browser. Very nice tbh. Funfun.,googleio o3d bringing 3d graphic browser nice tbh funfun,4
4,"Awesome viral marketing for ""Funny People"" http://www.nbc.com/yo-teach/",awesome viral marketing `` funny people '',4
2,"Watching a programme about the life of Hitler, its only enhancing my geekiness of history.",watching programme life hitler enhancing geekiness history,2
0,saw night at the museum out of sheer desperation. who is funding these movies?,saw night museum sheer desperation funding movie,2
4,Night At The Museum 2? Pretty furkin good.,night museum 2 pretty furkin good,4
4,Watching Night at the Museum - giggling.,watching night museum giggling,4
2,"@pambeeslyjenna Jenna, I went to see Night At The Museum 2 today and I was so surprised to see three cast members from The Office...",jenna went see night museum 2 today surprised see three cast member office ...,2
2,About to watch Night at the Museum with Ryan and Stacy,watch night museum ryan stacy,2
2,"Getting ready to go watch Night at the Museum 2.  Dum dum, you give me gum gum!",getting ready go watch night museum 2 dum dum give gum gum,2
0,"Back from seeing 'Star Trek' and 'Night at the Museum.' 'Star Trek' was amazing, but 'Night at the Museum' was; eh.",back seeing 'star trek 'night museum 'star trek amazing 'night museum eh,4
4,just watched night at the museum 2! so stinkin cute!,watched night museum 2 stinkin cute,4
4,"So, Night at the Museum 2 was AWESOME! Much better than part 1. Next weekend we'll see Up.",night museum 2 awesome much better part 1 next weekend 'll see,4
2,"I think I may have a new favorite restaurant. On our way to see ""Night at the Museum 2"".",think may new favorite restaurant way see `` night museum 2 '',4
2,"UP! was sold out, so i'm seeing Night At The Museum 2. I'm __ years old.",sold 'm seeing night museum 2 'm __ year old,2
4,saw the new Night at the Museum and i loved it. Next is to go see UP in 3D,saw new night museum loved next go see 3d,4
0,It is a shame about GM. What if they are forced to make only cars the White House THINKS will sell? What do you think?,shame gm forced make car white house think sell think,0
0,"As u may have noticed, not too happy about the GM situation, nor AIG, Lehman, et al",u may noticed happy gm situation aig lehman et al,4
2,Obama: Nationalization of GM to be short-term   (AP) http://tinyurl.com/md347r,obama nationalization gm short-term ap,2
0,@Pittstock $GM good riddance.  sad though.,gm good riddance sad though,2
0,"I Will NEVER Buy a Government Motors Vehicle: Until just recently, I drove GM cars. Since 1988, when I bought a .. http://tinyurl.com/lulsw8",never buy government motor vehicle recently drove gm car since 1988 bought ..,2
0,Having the old Coca-Cola guy on the GM board is stupid has heck! #tcot #ala,old coca-cola guy gm board stupid heck tcot ala,0
0,#RantsAndRaves The worst thing about GM (concord / pleasant hill / martinez): is the fucking UAW. ..   http://buzzup.com/4ueb,rantsandraves worst thing gm concord pleasant hill martinez fucking uaw ..,0
0,"Give a man a fish, u feed him for the day. Teach him to fish, u feed him for life. Buy him GM, and u F**K him over for good.",give man fish u feed day teach fish u feed life buy gm u f k good,2
0,"The more I hear about this GM thing the more angry I get. Billions wasted, more bullshit. All for something like 40k employees and all the..",hear gm thing angry get billion wasted bullshit something like 40k employee ..,0
0,@QuantTrader i own a GM car and it is junk as far as quality compared to a honda,gm car junk far quality compared honda,2
0,sad day...bankrupt GM,sad day ... bankrupt gm,0
0,is upset about the whole GM thing. life as i know it is so screwed up,upset whole gm thing life know screwed,0
0,whoever is running time warner needs to be repeatedly raped by a rhino so they understand the consequences of putting out shitty cable svcs,whoever running time warner need repeatedly raped rhino understand consequence putting shitty cable svcs,0
2,"Time Warner CEO hints at online fees for magazines      (AP) - Read from Mountain View,United States. Views 16209 http://bit.ly/UdFCH",time warner ceo hint online fee magazine ap read mountain view united state view 16209,2
0,#WFTB Joining a bit late. My connection was down (boo time warner),wftb joining bit late connection boo time warner,2
0,Cox or Time Warner?  Cox is cheaper and gets a B on dslreports.  TW is more expensive and gets a C.,cox time warner cox cheaper get b dslreports tw expensive get c,2
0,i am furious with time warner and their phone promotions!,furious time warner phone promotion,2
0,Just got home from chick-fil-a with the boys. Damn my internets down =( stupid time warner,got home chick-fil-a boy damn internet stupid time warner,0
0,could time-warner cable suck more?  NO.,could time-warner cable suck,0
0,Pissed at Time Warner for causin me to have slow internet problems,pissed time warner causin slow internet problem,0
0,"@sportsguy33 Ummm, having some Time Warner problems?",ummm time warner problem,2
0,You guys see this?  Why does Time Warner have to suck so much ass?  Really wish I could get U-Verse at my apartment. http://bit.ly/s594j,guy see time warner suck much as really wish could get u-verse apartment,0
0,"RT @sportsguy33 The upside to Time Warner: unhelpful phone operators   superslow on-site service. Crap, that's not an upside.",rt upside time warner unhelpful phone operator superslow on-site service crap 's upside,0
0,"RT @sportsguy33: New Time Warner slogan: ""Time Warner, where we make you long for the days before cable.""",rt new time warner slogan `` time warner make long day cable '',2
0,"confirmed: it's Time Warner's fault, not Facebook's, that fb is taking about 3 minutes to load. so tempted to switch to verizon =/",confirmed 's time warner 's fault facebook 's fb taking 3 minute load tempted switch verizon =/,0
0,@sportsguy33 Time Warner = epic fail,time warner epic fail,0
2,Lawson to head Newedge Hong Kong http://bit.ly/xLQSD #business #china,lawson head newedge hong kong business china,2
2,Weird Piano Guitar House in China! http://u2s.me/72i8,weird piano guitar house china,2
2,Send us your GM/Chevy photos http://tinyurl.com/luzkpq,send u gm/chevy photo,2
0,I know. How sad is that?  RT @caseymercier: 1st day of hurricane season. That's less scarey than govt taking over GM.,know sad rt 1st day hurricane season 's le scarey govt taking gm,0
0,"GM files Bankruptcy, not a good sign...",gm file bankruptcy good sign ...,4
4,yankees won mets lost. its a good day.,yankee mets lost good day,0
4,My dentist appt today was actually quite enjoyable.,dentist appt today actually quite enjoyable,4
0,I hate the effing dentist.,hate effing dentist,0
2,@stevemoakler i had a dentist appt this morning and had the same conversation!,dentist appt morning conversation,2
0,@kirstiealley I hate going to the dentist.. !!!,hate going dentist ..,0
0,i hate the dentist....who invented them anyways?,hate dentist .... invented anyways,0
0,this dentist's office is cold :/,dentist 's office cold,2
2,Check this video out -- David After Dentist http://bit.ly/47aW2,check video -- david dentist,2
2,First dentist appointment [in years] on Wednesday possibly.,first dentist appointment year wednesday possibly,2
2,Tom Shanahan's latest column on SDSU and its NCAA Baseball Regional appearance: http://ow.ly/axhu,tom shanahan 's latest column sdsu ncaa baseball regional appearance,2
2,BaseballAmerica.com: Blog: Baseball America Prospects Blog ? Blog ... http://bit.ly/EtT8a,baseballamerica.com blog baseball america prospect blog blog ...,2
2,Portland city politics may undo baseball park http://tinyurl.com/lpjquj,portland city politics may undo baseball park,0
2,"RT @WaterSISWEB: CA Merced's water bottled by Safeway, resold at a profit: Wells are drying up across the county http://tinyurl.com/mb573s",rt ca merced 's water bottled safeway resold profit well drying across county,2
2,dropped her broccoli walking home from safeway! ;( so depressed,dropped broccoli walking home safeway depressed,2
2,@ronjon we don't have Safeway.,safeway,2
4,Just applied at Safeway!(: Yeeeee!,applied safeway yeeeee,2
0,@ Safeway. Place is a nightmare right now. Bumming.,safeway place nightmare right bumming,0
2,at safeway with dad,safeway dad,2
0,"HATE safeway select green tea icecream! bought two cartons, what a waste of money.  &gt;_&lt;",hate safeway select green tea icecream bought two carton waste money gt lt,0
2,"Safeway with Marvin, Janelle, and Auntie Lhu",safeway marvin janelle auntie lhu,2
2,Safeway offering mobile coupons http://bit.ly/ONH7w,safeway offering mobile coupon,2
2,"Phillies Driving in the Cadillac with the Top Down in Cali, Win 5-3 - http://tinyurl.com/nzcjqa",phillies driving cadillac top cali win 5-3,2
2,Saved money by opting for grocery store trip and stocking food in hotel room fridge vs. eating out every night while out of town.,saved money opting grocery store trip stocking food hotel room fridge vs. eating every night town,2
2,"Lounging around, eating Taco Bell and watching NCIS before work tonight. Need help staying awake.",lounging around eating taco bell watching ncis work tonight need help staying awake,2
2,eating breakfast and then school,eating breakfast school,2
2,still hungry after eating....,still hungry eating ....,2
2,10 tips for healthy eating ? ResultsBy Fitness Blog :: Fitness ... http://bit.ly/62gFn,10 tip healthy eating resultsby fitness blog fitness ...,2
2,"with the boyfriend, eating a quesadilla",boyfriend eating quesadilla,2
2,"Eating dinner. Meat, chips, and risotto.",eating dinner meat chip risotto,2
2,got a new pair of nike shoes. pics up later,got new pair nike shoe pic later,2
2,"Nike SB Blazer High ""ACG"" Custom - Brad Douglas - http://timesurl.at/45a448",nike sb blazer high `` acg '' custom brad douglas,2
4,Nike rocks. I'm super grateful for what I've done with them :) &amp; the European Division of NIKE is BEYOND! @whitSTYLES @muchasmuertes,nike rock 'm super grateful 've done amp european division nike beyond,4
2,Nike Air Yeezy Khaki/Pink Colorway Release - http://shar.es/bjfN,nike air yeezy khaki/pink colorway release,2
4,@evelynbyrne have you tried Nike  ? V. addictive.,tried nike v. addictive,2
2,@erickoston That looks an awful lot like one of Nike's private jets....I'm just sayin....,look awful lot like one nike 's private jet .... 'm sayin ....,2
4,The Nike Training Club (beta) iPhone app looks very interesting.,nike training club beta iphone app look interesting,4
0,argghhhh why won't  my jquery appear in safari bad safari !!!,argghhhh wo jquery appear safari bad safari,0
2,DevSnippets : jQuery Tools - Javascript UI Components for the Web... http://inblogs.org/go/hfuqt,devsnippets jquery tool javascript ui component web ...,2
2,"all about Ajax,jquery ,css ,JavaScript and more... (many examples) http://ajaxian.com/",ajax jquery cs javascript ... many example,2
4,"I'm ready to drop the pretenses, I am forever in love with jQuery, and I want to marry it. Sorry ladies, this nerd is jquery.spokenFor.js",'m ready drop pretense forever love jquery want marry sorry lady nerd jquery.spokenfor.js,2
2,"This is cold.. I was looking at google's chart//visualization API and found this jQuery ""wrapper"" for the API...  http://tinyurl.com/mq52bq",cold .. looking google 's chart//visualization api found jquery `` wrapper '' api ...,2
2,I spent most of my day reading a jQuery book. Now to start drinking some delirium tremens.,spent day reading jquery book start drinking delirium tremens,2
2,jquery Selectors http://codylindley.com/jqueryselectors/,jquery selector,2
2,How to implement a news ticker with jQuery and ten lines of code http://bit.ly/CZnFJ,implement news ticker jquery ten line code,2
2,What's Buffet Doing? Warren Buffett Kicks Butt In Battle of the Boots: Posted By:Alex Crippe.. http://bit.ly/AUIzO,'s buffet warren buffett kick butt battle boot posted alex crippe ..,2
4,"SUPER INVESTORS: A great weekend read here from Warren Buffet. Oldie, but a goodie. http://tinyurl.com/oqxgga",super investor great weekend read warren buffet oldie goodie,4
2,I'm truly braindead.  I couldn't come up with Warren Buffet's name to save my soul,'m truly braindead could come warren buffet 's name save soul,0
4,"reading Michael Palin book, The Python Years...great book. I also recommend Warren Buffet &amp; Nelson Mandela's bio",reading michael palin book python year ... great book also recommend warren buffet amp nelson mandela 's bio,4
4,"I mean, I'm down with Notre Dame if I have to.  It's a good school, I'd be closer to Dan, I'd enjoy it.",mean 'm notre dame 's good school 'd closer dan 'd enjoy,4
0,"I can't watch TV without a Tivo.  And after all these years, the Time/Warner DVR  STILL sucks. http://www.davehitt.com/march03/twdvr.html",ca watch tv without tivo year time/warner dvr still suck,0
4,I'd say some sports writers are idiots for saying Roger Federer is one of the best ever in Tennis.  Roger Federer is THE best ever in Tennis,'d say sport writer idiot saying roger federer one best ever tennis roger federer best ever tennis,2
0,I still love my Kindle2 but reading The New York Times on it does not feel natural. I miss the Bloomingdale ads.,still love kindle2 reading new york time feel natural miss bloomingdale ad,4
4,I love my Kindle2. No more stacks of books to trip over on the way to the loo.,love kindle2 stack book trip way loo,4
0,"Although today's keynote rocked, for every great announcement, AT&amp;T shit on us just a little bit more.",although today 's keynote rocked every great announcement amp shit u little bit,4
0,"@sheridanmarfil - its not so much my obsession with cell phones, but the iphone!  i'm a slave to at&amp;t forever because of it. :)",much obsession cell phone iphone 'm slave amp forever,4
2,@freitasm oh I see. I thought AT&amp;T were 900MHz WCDMA?,oh see thought amp 900mhz wcdma,2
2,@Plip Where did you read about tethering support Phil?  Just AT&amp;T or will O2 be joining in?,read tethering support phil amp o2 joining,2
0,Fuzzball is more fun than AT&amp;T ;P http://fuzz-ball.com/twitter,fuzzball fun amp p,4
0,"Today is a good day to dislike AT&amp;T. Vote out of office indeed, @danielpunkass",today good day dislike amp t. vote office indeed,4
4,GOT MY WAVE SANDBOX INVITE! Extra excited! Too bad I have class now... but I'll play with it soon enough! #io2009 #wave,got wave sandbox invite extra excited bad class ... 'll play soon enough io2009 wave,4
0,looks like summize has gone down. too many tweets from WWDC perhaps?,look like summize gone many tweet wwdc perhaps,2
2,I hope the girl at work  buys my Kindle2,hope girl work buy kindle2,2
2,Missed this insight-filled May column: One smart guy looking closely at why he's impressed with Kindle2 http://bit.ly/i0peY @wroush,missed insight-filled may column one smart guy looking closely 's impressed kindle2,4
4,"@sklososky Thanks so much!!! ...from one of your *very* happy Kindle2 winners ; ) I was so surprised, fabulous. Thank you! Best, Kathleen",thanks much ... one happy kindle2 winner surprised fabulous thank best kathleen,4
0,Man I kinda dislike Apple right now. Case in point: the iPhone 3GS. Wish there was a video recorder app. Please?? http://bit.ly/DZm1T,man kinda dislike apple right case point iphone 3gs wish video recorder app please,0
4,@cwong08 I have a Kindle2 (&amp; Sony PRS-500). Like it! Physical device feels good. Font is nice. Pg turns are snappy enuf. UI a little klunky.,kindle2 amp sony prs-500 like physical device feel good font nice pg turn snappy enuf ui little klunky,4
4,"The #Kindle2 seems the best eReader, but will it work in the UK and where can I get one?",kindle2 seems best ereader work uk get one,4
4,"I have a google addiction. Thank you for pointing that out, @annamartin123. Hahaha.",google addiction thank pointing hahaha,4
2,@ruby_gem My primary debit card is Visa Electron.,primary debit card visa electron,2
2,Off to the bank to get my new visa platinum card,bank get new visa platinum card,2
0,"dearest @google, you rich bastards! the VISA card you sent me doesn't work. why screw a little guy like me?",dearest rich bastard visa card sent work screw little guy like,0
2,has a date with bobby flay and gut fieri from food network,date bobby flay gut fieri food network,2
4,Excited about seeing Bobby Flay and Guy Fieri tomorrow at the Great American Food &amp; Music Fest!,excited seeing bobby flay guy fieri tomorrow great american food amp music fest,4
4,Gonna go see Bobby Flay 2moro at Shoreline. Eat and drink. Gonna be good.,gon na go see bobby flay 2moro shoreline eat drink gon na good,4
4,can't wait for the great american food and music festival at shoreline tomorrow.  mmm...katz pastrami and bobby flay. yes please.,ca wait great american food music festival shoreline tomorrow mmm ... katz pastrami bobby flay yes please,4
4,"My dad was in NY for a day, we ate at MESA grill last night and met Bobby Flay. So much fun, except I completely lost my voice today.",dad ny day ate mesa grill last night met bobby flay much fun except completely lost voice today,4
0,Fighting with LaTex. Again...,fighting latex ...,2
0,@Iheartseverus we love you too and don't want you to die!!!!!!  Latex = the devil,love want die latex devil,0
0,"7 hours. 7 hours of inkscape crashing, normally solid as a rock. 7 hours of LaTeX complaining at the slightest thing. I can't take any more.",7 hour 7 hour inkscape crashing normally solid rock 7 hour latex complaining slightest thing ca take,0
2,How to Track Iran with Social Media: http://bit.ly/2BoqU,track iran social medium,2
0,Shit's hitting the fan in Iran...craziness indeed #iranelection,shit 's hitting fan iran ... craziness indeed iranelection,0
0,Monday already. Iran may implode. Kitchen is a disaster. @annagoss seems happy. @sebulous had a nice weekend and @goldpanda is great. whoop.,monday already iran may implode kitchen disaster seems happy nice weekend great whoop,4
2,Twitter Stock buzz: $AAPL $ES_F $SPY $SPX $PALM  (updated: 12:00 PM),twitter stock buzz aapl es_f spy spx palm updated 12:00 pm,2
4,getting ready to test out some burger receipes this weekend. Bobby Flay has some great receipes to try. Thanks Bobby.,getting ready test burger receipes weekend bobby flay great receipes try thanks bobby,4
2,@johncmayer is Bobby Flay joining you?,bobby flay joining,2
4,i lam so in love with Bobby Flay... he is my favorite. RT @terrysimpson: @bflay you need a place in Phoenix. We have great peppers here!,lam love bobby flay ... favorite rt need place phoenix great pepper,4
0,"I just created my first LaTeX file from scratch. That didn't work out very well. (See @amandabittner , it's a great time waster)",created first latex file scratch work well see 's great time waster,4
4,using Linux and loving it - so much nicer than windows... Looking forward to using the wysiwyg latex editor!,using linux loving much nicer window ... looking forward using wysiwyg latex editor,4
4,"After using LaTeX a lot, any other typeset mathematics just looks hideous.",using latex lot typeset mathematics look hideous,0
2,Ask Programming: LaTeX or InDesign?: submitted by calcio1 [link] [1 comment] http://tinyurl.com/myfmf7,ask programming latex indesign submitted calcio1 link 1 comment,2
0,"On that note, I hate Word. I hate Pages. I hate LaTeX. There, I said it. I hate LaTeX. All you TEXN3RDS can come kill me now.",note hate word hate page hate latex said hate latex texn3rds come kill,0
4,Ahhh... back in a *real* text editing environment. I &lt;3 LaTeX.,ahhh ... back real text editing environment lt 3 latex,2
0,"Trouble in Iran, I see. Hmm. Iran. Iran so far away. #flockofseagullsweregeopoliticallycorrect",trouble iran see hmm iran iran far away flockofseagullsweregeopoliticallycorrect,2
0,Reading the tweets coming out of Iran... The whole thing is terrifying and incredibly sad...,reading tweet coming iran ... whole thing terrifying incredibly sad ...,0
4,@Pmillzz lebron IS THE BOSS,lebron bos,2
4,"@sketchbug Lebron is a hometown hero to me, lol I love the Lakers but let's go Cavs, lol",lebron hometown hero lol love lakers let 's go cavs lol,4
4,lebron and zydrunas are such an awesome duo,lebron zydrunas awesome duo,4
4,@wordwhizkid Lebron is a beast... nobody in the NBA comes even close.,lebron beast ... nobody nba come even close,2
4,@Pmillzz lebron IS THE BOSS,lebron bos,2
4,"@sketchbug Lebron is a hometown hero to me, lol I love the Lakers but let's go Cavs, lol",lebron hometown hero lol love lakers let 's go cavs lol,4
4,lebron and zydrunas are such an awesome duo,lebron zydrunas awesome duo,4
4,@wordwhizkid Lebron is a beast... nobody in the NBA comes even close.,lebron beast ... nobody nba come even close,2
4,Jquery is my new best friend.,jquery new best friend,2
4,Loves twitter,love twitter,4
4,how can you not love Obama? he makes jokes about himself.,love obama make joke,2
2,Check this video out -- President Obama at the White House Correspondents' Dinner http://bit.ly/IMXUM,check video -- president obama white house correspondent dinner,2
0,"@Karoli I firmly believe that Obama/Pelosi have ZERO desire to be civil.  It's a charade and a slogan, but they want to destroy conservatism",firmly believe obama/pelosi zero desire civil 's charade slogan want destroy conservatism,0
4,"House Correspondents dinner was last night whoopi, barbara &amp; sherri went, Obama got a standing ovation",house correspondent dinner last night whoopi barbara amp sherri went obama got standing ovation,2
4,lebron and zydrunas are such an awesome duo,lebron zydrunas awesome duo,4
4,@wordwhizkid Lebron is a beast... nobody in the NBA comes even close.,lebron beast ... nobody nba come even close,2
4,@Pmillzz lebron IS THE BOSS,lebron bos,2
4,"@sketchbug Lebron is a hometown hero to me, lol I love the Lakers but let's go Cavs, lol",lebron hometown hero lol love lakers let 's go cavs lol,4
